{"group": [{"Group1": [{"xmin": -0.5, "ymin": 0.5, "name": "block", "xmax": 0.5, "ymax": -0.5}, {"xmin": -0.5, "ymin": 3.1408619048197632, "name": "block", "xmax": 0.5, "ymax": 2.1408619048197632}]}, {"Group2": [{"xmin": -0.5, "ymin": 0.5, "name": "block", "xmax": 0.5, "ymax": -0.5}, {"xmin": -0.5, "ymin": 3.1408619048197632, "name": "block", "xmax": 0.5, "ymax": 2.1408619048197632}]}]}