{"group": [{"Group1": [{"xmin": -0.5, "ymin": 0.5, "name": "wall", "xmax": 0.5, "ymax": -0.5}, {"xmin": -0.20854833427864714, "ymin": 0.49403263356016236, "name": "sink", "xmax": 0.20854833427864714, "ymax": -0.5059673664398376}]}, {"Group2": [{"xmin": -0.5, "ymin": 3.1408619048197632, "name": "wall", "xmax": 0.5, "ymax": 2.1408619048197632}, {"xmin": -0.20854833427864714, "ymin": 3.1408619048197632, "name": "sink", "xmax": 0.20854833427864714, "ymax": 2.1408619048197632}]}]}